timestamp,session_id,source,frame_index,track_id,class_name,confidence,centroid_x,centroid_y,bbox_x1,bbox_y1,bbox_x2,bbox_y2,age_frames,count_in,count_out,backend,model_path,confidence_threshold,class_filter,inference_time_ms,processing_time_ms
2026-06-16T10:29:23,station2_1781580542376,0,0,1,person,0.7705,397,298,157,117,638,479,1,0,0,yolo_ultralytics,yolov8n.pt,0.35,person,550.66,557.38
2026-06-16T10:29:23,station2_1781580542376,0,0,2,person,0.6774,114,324,0,168,229,480,1,0,0,yolo_ultralytics,yolov8n.pt,0.35,person,550.66,557.38
2026-06-16T10:29:26,station2_1781580542376,0,15,1,person,0.7711,393,293,151,107,636,480,16,0,0,yolo_ultralytics,yolov8n.pt,0.35,person,127.52,128.22
2026-06-16T10:29:26,station2_1781580542376,0,15,2,person,0.8572,97,322,0,164,195,480,16,0,0,yolo_ultralytics,yolov8n.pt,0.35,person,127.52,128.22
2026-06-16T10:29:28,station2_1781580542376,0,30,1,person,0.8183,401,294,164,109,638,480,27,0,1,yolo_ultralytics,yolov8n.pt,0.35,person,153.92,154.78
2026-06-16T10:29:28,station2_1781580542376,0,30,2,person,0.8368,93,317,0,155,186,480,27,0,1,yolo_ultralytics,yolov8n.pt,0.35,person,153.92,154.78
2026-06-16T10:29:31,station2_1781580542376,0,45,1,person,0.8715,405,294,172,108,638,480,42,0,2,yolo_ultralytics,yolov8n.pt,0.35,person,111.29,112.38
2026-06-16T10:29:31,station2_1781580542376,0,45,2,person,0.8756,92,320,0,160,184,480,42,0,2,yolo_ultralytics,yolov8n.pt,0.35,person,111.29,112.38
2026-06-16T10:29:31,station2_1781580542376,0,45,5,person,0.8076,189,439,158,398,220,480,17,0,2,yolo_ultralytics,yolov8n.pt,0.35,person,111.29,112.38
2026-06-16T10:29:31,station2_1781580542376,0,45,8,person,0.4827,144,397,100,355,188,439,12,0,2,yolo_ultralytics,yolov8n.pt,0.35,person,111.29,112.38
2026-06-16T10:29:34,station2_1781580542376,0,60,1,person,0.8371,392,298,162,116,623,480,57,0,2,yolo_ultralytics,yolov8n.pt,0.35,person,130.1,131.05
2026-06-16T10:29:34,station2_1781580542376,0,60,2,person,0.8717,92,321,0,162,185,480,57,0,2,yolo_ultralytics,yolov8n.pt,0.35,person,130.1,131.05
2026-06-16T10:29:34,station2_1781580542376,0,60,5,person,0.5244,184,441,157,403,212,480,31,0,2,yolo_ultralytics,yolov8n.pt,0.35,person,130.1,131.05
2026-06-16T10:29:37,station2_1781580542376,0,75,1,person,0.7358,401,290,163,101,639,480,72,0,2,yolo_ultralytics,yolov8n.pt,0.35,person,184.17,185.08
2026-06-16T10:29:37,station2_1781580542376,0,75,2,person,0.787,98,318,1,157,195,479,72,0,2,yolo_ultralytics,yolov8n.pt,0.35,person,184.17,185.08
2026-06-16T10:29:37,station2_1781580542376,0,75,7,person,0.3729,627,422,614,391,640,453,17,0,2,yolo_ultralytics,yolov8n.pt,0.35,person,184.17,185.08
2026-06-16T10:29:39,station2_1781580542376,0,90,1,person,0.8265,310,304,15,129,605,480,87,0,3,yolo_ultralytics,yolov8n.pt,0.35,person,138.97,139.97
2026-06-16T10:29:39,station2_1781580542376,0,90,2,person,0.73,67,320,0,162,135,479,87,0,3,yolo_ultralytics,yolov8n.pt,0.35,person,138.97,139.97
2026-06-16T10:29:39,station2_1781580542376,0,90,7,person,0.5111,615,435,590,391,640,480,20,0,3,yolo_ultralytics,yolov8n.pt,0.35,person,138.97,139.97
2026-06-16T10:29:42,station2_1781580542376,0,105,1,person,0.8441,403,294,173,109,633,480,102,0,3,yolo_ultralytics,yolov8n.pt,0.35,person,146.8,147.74
2026-06-16T10:29:42,station2_1781580542376,0,105,2,person,0.8855,88,322,0,165,177,480,98,0,3,yolo_ultralytics,yolov8n.pt,0.35,person,146.8,147.74
2026-06-16T10:29:42,station2_1781580542376,0,105,12,person,0.5722,628,426,616,392,640,461,10,0,3,yolo_ultralytics,yolov8n.pt,0.35,person,146.8,147.74
2026-06-16T10:29:45,station2_1781580542376,0,120,1,person,0.8262,404,296,170,112,639,480,117,0,3,yolo_ultralytics,yolov8n.pt,0.35,person,121.48,122.51
2026-06-16T10:29:45,station2_1781580542376,0,120,2,person,0.8816,89,321,0,163,179,480,113,0,3,yolo_ultralytics,yolov8n.pt,0.35,person,121.48,122.51
2026-06-16T10:29:45,station2_1781580542376,0,120,10,person,0.6265,188,441,154,402,223,480,21,0,3,yolo_ultralytics,yolov8n.pt,0.35,person,121.48,122.51
2026-06-16T10:29:45,station2_1781580542376,0,120,12,person,0.4267,627,427,615,393,640,461,25,0,3,yolo_ultralytics,yolov8n.pt,0.35,person,121.48,122.51
2026-06-16T10:29:48,station2_1781580542376,0,135,1,person,0.8533,402,294,168,109,637,480,132,0,3,yolo_ultralytics,yolov8n.pt,0.35,person,158.49,159.69
2026-06-16T10:29:48,station2_1781580542376,0,135,2,person,0.8685,84,327,0,174,168,480,128,0,3,yolo_ultralytics,yolov8n.pt,0.35,person,158.49,159.69
2026-06-16T10:29:48,station2_1781580542376,0,135,10,person,0.7399,190,438,149,397,231,479,35,0,3,yolo_ultralytics,yolov8n.pt,0.35,person,158.49,159.69
2026-06-16T10:29:48,station2_1781580542376,0,135,12,person,0.4693,625,425,611,390,640,460,40,0,3,yolo_ultralytics,yolov8n.pt,0.35,person,158.49,159.69
2026-06-16T10:29:48,station2_1781580542376,0,135,13,person,0.3921,142,387,96,352,188,423,11,0,3,yolo_ultralytics,yolov8n.pt,0.35,person,158.49,159.69
2026-06-16T10:29:51,station2_1781580542376,0,150,1,person,0.8587,404,294,170,109,638,480,147,0,3,yolo_ultralytics,yolov8n.pt,0.35,person,190.32,191.88
2026-06-16T10:29:51,station2_1781580542376,0,150,2,person,0.9138,97,323,0,168,194,479,143,0,3,yolo_ultralytics,yolov8n.pt,0.35,person,190.32,191.88
2026-06-16T10:29:51,station2_1781580542376,0,150,10,person,0.7162,192,441,161,402,223,480,48,0,3,yolo_ultralytics,yolov8n.pt,0.35,person,190.32,191.88
2026-06-16T10:29:51,station2_1781580542376,0,150,12,person,0.4106,625,424,610,391,640,457,53,0,3,yolo_ultralytics,yolov8n.pt,0.35,person,190.32,191.88
2026-06-16T10:29:54,station2_1781580542376,0,165,1,person,0.865,407,296,177,113,638,479,162,0,3,yolo_ultralytics,yolov8n.pt,0.35,person,166.26,167.44
2026-06-16T10:29:54,station2_1781580542376,0,165,2,person,0.8899,87,321,1,164,174,479,154,0,3,yolo_ultralytics,yolov8n.pt,0.35,person,166.26,167.44
2026-06-16T10:29:54,station2_1781580542376,0,165,10,person,0.7374,192,438,162,398,223,479,57,0,3,yolo_ultralytics,yolov8n.pt,0.35,person,166.26,167.44
2026-06-16T10:29:54,station2_1781580542376,0,165,12,person,0.5982,621,404,602,352,640,456,60,0,3,yolo_ultralytics,yolov8n.pt,0.35,person,166.26,167.44
2026-06-16T10:29:58,station2_1781580542376,0,180,1,person,0.8541,404,294,169,109,640,480,177,0,3,yolo_ultralytics,yolov8n.pt,0.35,person,170.19,171.24
2026-06-16T10:29:58,station2_1781580542376,0,180,2,person,0.8859,87,324,1,170,174,479,169,0,3,yolo_ultralytics,yolov8n.pt,0.35,person,170.19,171.24
2026-06-16T10:29:58,station2_1781580542376,0,180,10,person,0.6477,193,437,163,399,224,476,72,0,3,yolo_ultralytics,yolov8n.pt,0.35,person,170.19,171.24
2026-06-16T10:29:58,station2_1781580542376,0,180,14,person,0.3618,200,429,177,399,224,460,34,0,3,yolo_ultralytics,yolov8n.pt,0.35,person,170.19,171.24
2026-06-16T10:30:01,station2_1781580542376,0,195,1,person,0.88,407,294,175,108,640,480,192,0,3,yolo_ultralytics,yolov8n.pt,0.35,person,186.99,187.96
2026-06-16T10:30:01,station2_1781580542376,0,195,2,person,0.8709,85,324,0,169,170,479,184,0,3,yolo_ultralytics,yolov8n.pt,0.35,person,186.99,187.96
2026-06-16T10:30:01,station2_1781580542376,0,195,10,person,0.5513,196,439,161,400,231,478,87,0,3,yolo_ultralytics,yolov8n.pt,0.35,person,186.99,187.96
2026-06-16T10:30:01,station2_1781580542376,0,195,16,person,0.5712,127,372,91,348,164,396,7,0,3,yolo_ultralytics,yolov8n.pt,0.35,person,186.99,187.96
2026-06-16T10:30:04,station2_1781580542376,0,210,1,person,0.8284,402,296,165,113,639,480,207,0,3,yolo_ultralytics,yolov8n.pt,0.35,person,162.8,163.87
2026-06-16T10:30:04,station2_1781580542376,0,210,2,person,0.7857,59,320,0,162,119,479,199,0,3,yolo_ultralytics,yolov8n.pt,0.35,person,162.8,163.87
2026-06-16T10:30:04,station2_1781580542376,0,210,12,person,0.6223,621,424,603,390,640,459,92,0,3,yolo_ultralytics,yolov8n.pt,0.35,person,162.8,163.87
2026-06-16T10:30:04,station2_1781580542376,0,210,16,person,0.6999,163,413,99,349,227,478,19,0,3,yolo_ultralytics,yolov8n.pt,0.35,person,162.8,163.87
2026-06-16T10:30:07,station2_1781580542376,0,225,1,person,0.8356,399,294,165,109,634,480,222,0,3,yolo_ultralytics,yolov8n.pt,0.35,person,193.67,194.72
2026-06-16T10:30:07,station2_1781580542376,0,225,2,person,0.8244,81,318,0,156,162,480,214,0,3,yolo_ultralytics,yolov8n.pt,0.35,person,193.67,194.72
2026-06-16T10:30:07,station2_1781580542376,0,225,12,person,0.4802,624,424,608,389,640,459,107,0,3,yolo_ultralytics,yolov8n.pt,0.35,person,193.67,194.72
2026-06-16T10:30:07,station2_1781580542376,0,225,16,person,0.4902,190,432,153,400,228,464,34,0,3,yolo_ultralytics,yolov8n.pt,0.35,person,193.67,194.72
2026-06-16T10:30:07,station2_1781580542376,0,225,17,person,0.37,147,412,106,351,189,474,3,0,3,yolo_ultralytics,yolov8n.pt,0.35,person,193.67,194.72
2026-06-16T10:33:25,station2_1781580542376,0,240,1,person,0.802,378,302,156,125,600,480,237,1,3,yolo_ultralytics,yolov8n.pt,0.35,person,152.78,153.92
2026-06-16T10:33:25,station2_1781580542376,0,240,12,person,0.6674,621,437,602,395,640,479,122,1,3,yolo_ultralytics,yolov8n.pt,0.35,person,152.78,153.92
2026-06-16T10:33:25,station2_1781580542376,0,240,17,person,0.6991,118,416,42,356,194,476,16,1,3,yolo_ultralytics,yolov8n.pt,0.35,person,152.78,153.92
2026-06-16T10:33:28,station2_1781580542376,0,255,1,person,0.7662,371,302,134,125,609,480,252,1,3,yolo_ultralytics,yolov8n.pt,0.35,person,204.11,205.24
2026-06-16T10:33:28,station2_1781580542376,0,255,12,person,0.5744,620,437,600,395,640,480,137,1,3,yolo_ultralytics,yolov8n.pt,0.35,person,204.11,205.24
2026-06-16T10:33:28,station2_1781580542376,0,255,17,person,0.6852,127,415,58,352,197,479,31,1,3,yolo_ultralytics,yolov8n.pt,0.35,person,204.11,205.24
2026-06-16T10:33:31,station2_1781580542376,0,270,1,person,0.8063,385,299,154,120,617,479,267,1,3,yolo_ultralytics,yolov8n.pt,0.35,person,182.27,183.22
2026-06-16T10:33:31,station2_1781580542376,0,270,12,person,0.7373,619,437,598,394,640,480,152,1,3,yolo_ultralytics,yolov8n.pt,0.35,person,182.27,183.22
2026-06-16T10:33:31,station2_1781580542376,0,270,17,person,0.7447,119,412,46,355,192,469,46,1,3,yolo_ultralytics,yolov8n.pt,0.35,person,182.27,183.22
2026-06-16T10:33:31,station2_1781580542376,0,270,20,person,0.3501,20,343,0,300,40,387,4,1,3,yolo_ultralytics,yolov8n.pt,0.35,person,182.27,183.22
2026-06-16T10:33:35,station2_1781580542376,0,285,1,person,0.8079,385,301,162,122,608,480,282,1,3,yolo_ultralytics,yolov8n.pt,0.35,person,137.48,138.35
2026-06-16T10:33:35,station2_1781580542376,0,285,12,person,0.7438,617,436,595,393,640,480,167,1,3,yolo_ultralytics,yolov8n.pt,0.35,person,137.48,138.35
2026-06-16T10:33:35,station2_1781580542376,0,285,17,person,0.6443,114,412,36,347,192,477,61,1,3,yolo_ultralytics,yolov8n.pt,0.35,person,137.48,138.35
2026-06-16T10:33:35,station2_1781580542376,0,285,20,person,0.3738,18,335,0,293,37,378,11,1,3,yolo_ultralytics,yolov8n.pt,0.35,person,137.48,138.35
2026-06-16T10:33:38,station2_1781580542376,0,300,1,person,0.7545,332,301,146,123,519,480,297,1,3,yolo_ultralytics,yolov8n.pt,0.35,person,166.06,167.01
2026-06-16T10:33:38,station2_1781580542376,0,300,12,person,0.897,561,361,483,244,639,479,182,1,3,yolo_ultralytics,yolov8n.pt,0.35,person,166.06,167.01
2026-06-16T10:33:38,station2_1781580542376,0,300,17,person,0.6321,121,406,49,348,193,464,76,1,3,yolo_ultralytics,yolov8n.pt,0.35,person,166.06,167.01
2026-06-16T10:33:38,station2_1781580542376,0,300,21,person,0.5191,99,405,50,348,149,463,12,1,3,yolo_ultralytics,yolov8n.pt,0.35,person,166.06,167.01
2026-06-16T10:33:41,station2_1781580542376,0,315,1,person,0.8037,378,297,121,115,636,480,312,1,3,yolo_ultralytics,yolov8n.pt,0.35,person,176.09,177.04
2026-06-16T10:33:41,station2_1781580542376,0,315,17,person,0.4391,123,413,54,352,193,475,91,1,3,yolo_ultralytics,yolov8n.pt,0.35,person,176.09,177.04
2026-06-16T10:33:41,station2_1781580542376,0,315,21,person,0.5974,100,408,52,353,149,464,19,1,3,yolo_ultralytics,yolov8n.pt,0.35,person,176.09,177.04
2026-06-16T10:33:41,station2_1781580542376,0,315,23,person,0.49,617,434,595,388,640,480,4,1,3,yolo_ultralytics,yolov8n.pt,0.35,person,176.09,177.04
2026-06-16T10:33:44,station2_1781580542376,0,330,1,person,0.7844,394,301,150,122,639,480,327,1,3,yolo_ultralytics,yolov8n.pt,0.35,person,167.51,168.38
2026-06-16T10:33:44,station2_1781580542376,0,330,17,person,0.5843,122,405,50,344,195,467,106,1,3,yolo_ultralytics,yolov8n.pt,0.35,person,167.51,168.38
2026-06-16T10:33:44,station2_1781580542376,0,330,21,person,0.3819,44,387,0,294,89,480,31,1,3,yolo_ultralytics,yolov8n.pt,0.35,person,167.51,168.38
2026-06-16T10:33:47,station2_1781580542376,0,345,1,person,0.8479,406,321,209,162,603,480,342,1,3,yolo_ultralytics,yolov8n.pt,0.35,person,186.72,188.05
2026-06-16T10:33:47,station2_1781580542376,0,345,17,person,0.4243,133,415,59,351,208,480,119,1,3,yolo_ultralytics,yolov8n.pt,0.35,person,186.72,188.05
2026-06-16T10:33:47,station2_1781580542376,0,345,21,person,0.3678,106,414,59,351,153,478,40,1,3,yolo_ultralytics,yolov8n.pt,0.35,person,186.72,188.05
2026-06-16T10:33:47,station2_1781580542376,0,345,25,person,0.3506,163,436,131,410,196,462,5,1,3,yolo_ultralytics,yolov8n.pt,0.35,person,186.72,188.05
2026-06-16T10:33:47,station2_1781580542376,0,345,26,person,0.4217,616,437,593,394,640,480,5,1,3,yolo_ultralytics,yolov8n.pt,0.35,person,186.72,188.05
2026-06-16T10:33:50,station2_1781580542376,0,360,1,person,0.8161,379,298,145,117,614,480,357,1,5,yolo_ultralytics,yolov8n.pt,0.35,person,180.57,181.9
2026-06-16T10:33:50,station2_1781580542376,0,360,17,person,0.6368,125,413,57,348,193,479,134,1,5,yolo_ultralytics,yolov8n.pt,0.35,person,180.57,181.9
2026-06-16T10:33:50,station2_1781580542376,0,360,21,person,0.4142,106,407,57,349,155,466,44,1,5,yolo_ultralytics,yolov8n.pt,0.35,person,180.57,181.9
2026-06-16T10:33:51,station2_1781580542376,0,360,26,person,0.7951,615,436,591,393,640,480,20,1,5,yolo_ultralytics,yolov8n.pt,0.35,person,180.57,181.9
2026-06-16T10:33:54,station2_1781580542376,0,375,1,person,0.7527,397,303,189,126,606,480,372,1,5,yolo_ultralytics,yolov8n.pt,0.35,person,191.82,192.89
2026-06-16T10:33:54,station2_1781580542376,0,375,17,person,0.3627,126,415,53,351,199,479,148,1,5,yolo_ultralytics,yolov8n.pt,0.35,person,191.82,192.89
2026-06-16T10:33:54,station2_1781580542376,0,375,21,person,0.4699,99,408,52,351,146,465,54,1,5,yolo_ultralytics,yolov8n.pt,0.35,person,191.82,192.89
2026-06-16T10:33:54,station2_1781580542376,0,375,26,person,0.719,590,437,540,395,640,480,35,1,5,yolo_ultralytics,yolov8n.pt,0.35,person,191.82,192.89
2026-06-16T10:33:54,station2_1781580542376,0,375,28,person,0.8319,46,387,0,295,93,479,8,1,5,yolo_ultralytics,yolov8n.pt,0.35,person,191.82,192.89
2026-06-16T10:33:54,station2_1781580542376,0,375,29,person,0.5516,297,408,271,390,324,427,5,1,5,yolo_ultralytics,yolov8n.pt,0.35,person,191.82,192.89
2026-06-16T10:33:56,station2_1781580542376,0,390,1,person,0.6595,366,306,101,133,631,479,384,1,5,yolo_ultralytics,yolov8n.pt,0.35,person,112.23,113.37
2026-06-16T10:33:56,station2_1781580542376,0,390,17,person,0.6434,121,408,50,350,193,467,162,1,5,yolo_ultralytics,yolov8n.pt,0.35,person,112.23,113.37
2026-06-16T10:33:56,station2_1781580542376,0,390,26,person,0.6318,620,415,600,350,640,480,45,1,5,yolo_ultralytics,yolov8n.pt,0.35,person,112.23,113.37
2026-06-16T10:33:56,station2_1781580542376,0,390,28,person,0.3691,39,398,0,316,79,480,18,1,5,yolo_ultralytics,yolov8n.pt,0.35,person,112.23,113.37
2026-06-16T10:33:56,station2_1781580542376,0,390,31,person,0.4116,310,305,136,131,485,480,2,1,5,yolo_ultralytics,yolov8n.pt,0.35,person,112.23,113.37
2026-06-16T10:33:59,station2_1781580542376,0,405,17,person,0.4294,121,415,49,352,193,478,177,2,5,yolo_ultralytics,yolov8n.pt,0.35,person,124.98,126.04
2026-06-16T10:33:59,station2_1781580542376,0,405,26,person,0.6644,607,417,574,354,640,480,52,2,5,yolo_ultralytics,yolov8n.pt,0.35,person,124.98,126.04
2026-06-16T10:33:59,station2_1781580542376,0,405,28,person,0.3951,44,394,0,309,88,480,31,2,5,yolo_ultralytics,yolov8n.pt,0.35,person,124.98,126.04
2026-06-16T10:33:59,station2_1781580542376,0,405,31,person,0.5597,368,303,143,127,593,480,12,2,5,yolo_ultralytics,yolov8n.pt,0.35,person,124.98,126.04
2026-06-16T10:34:02,station2_1781580542376,0,420,1,person,0.7094,418,306,260,132,577,480,408,2,5,yolo_ultralytics,yolov8n.pt,0.35,person,124.32,125.27
2026-06-16T10:34:02,station2_1781580542376,0,420,26,person,0.7497,607,418,574,357,640,480,67,2,5,yolo_ultralytics,yolov8n.pt,0.35,person,124.32,125.27
2026-06-16T10:34:02,station2_1781580542376,0,420,28,person,0.4415,43,396,0,313,87,480,37,2,5,yolo_ultralytics,yolov8n.pt,0.35,person,124.32,125.27
2026-06-16T10:34:02,station2_1781580542376,0,420,32,person,0.6175,110,416,50,352,170,480,13,2,5,yolo_ultralytics,yolov8n.pt,0.35,person,124.32,125.27
2026-06-16T10:34:04,station2_1781580542376,0,435,1,person,0.7228,293,305,28,131,559,480,419,2,6,yolo_ultralytics,yolov8n.pt,0.35,person,132.43,133.54
2026-06-16T10:34:04,station2_1781580542376,0,435,26,person,0.8061,601,419,563,359,640,480,81,2,6,yolo_ultralytics,yolov8n.pt,0.35,person,132.43,133.54
2026-06-16T10:34:08,station2_1781580542376,0,450,28,person,0.6392,76,325,0,171,152,480,60,2,6,yolo_ultralytics,yolov8n.pt,0.35,person,120.59,121.58
2026-06-16T10:34:08,station2_1781580542376,0,450,31,person,0.7825,359,307,144,135,574,480,37,2,6,yolo_ultralytics,yolov8n.pt,0.35,person,120.59,121.58
2026-06-16T10:34:08,station2_1781580542376,0,450,36,person,0.5048,603,438,567,396,640,480,9,2,6,yolo_ultralytics,yolov8n.pt,0.35,person,120.59,121.58
2026-06-16T10:34:10,station2_1781580542376,0,465,26,person,0.5435,618,440,597,401,640,480,102,2,6,yolo_ultralytics,yolov8n.pt,0.35,person,120.93,122.16
2026-06-16T10:34:10,station2_1781580542376,0,465,28,person,0.8403,80,314,0,149,161,480,75,2,6,yolo_ultralytics,yolov8n.pt,0.35,person,120.93,122.16
2026-06-16T10:34:10,station2_1781580542376,0,465,31,person,0.8076,398,310,186,141,610,479,52,2,6,yolo_ultralytics,yolov8n.pt,0.35,person,120.93,122.16
2026-06-16T10:34:10,station2_1781580542376,0,465,39,person,0.5261,173,445,142,411,204,480,1,2,6,yolo_ultralytics,yolov8n.pt,0.35,person,120.93,122.16
2026-06-16T10:34:10,station2_1781580542376,0,465,40,person,0.4453,330,406,304,390,356,422,1,2,6,yolo_ultralytics,yolov8n.pt,0.35,person,120.93,122.16
2026-06-16T10:34:13,station2_1781580542376,0,480,28,person,0.6271,74,321,0,163,149,479,90,2,6,yolo_ultralytics,yolov8n.pt,0.35,person,163.23,164.14
2026-06-16T10:34:13,station2_1781580542376,0,480,31,person,0.769,314,313,74,147,555,480,67,2,6,yolo_ultralytics,yolov8n.pt,0.35,person,163.23,164.14
2026-06-16T10:34:13,station2_1781580542376,0,480,36,person,0.6424,611,442,583,404,640,480,31,2,6,yolo_ultralytics,yolov8n.pt,0.35,person,163.23,164.14
2026-06-16T10:34:16,station2_1781580542376,0,495,28,person,0.5807,75,313,0,147,151,480,105,2,6,yolo_ultralytics,yolov8n.pt,0.35,person,124.11,125.22
2026-06-16T10:34:16,station2_1781580542376,0,495,31,person,0.7809,344,309,125,138,564,480,82,2,6,yolo_ultralytics,yolov8n.pt,0.35,person,124.11,125.22
2026-06-16T10:34:16,station2_1781580542376,0,495,36,person,0.7197,608,437,577,395,640,480,43,2,6,yolo_ultralytics,yolov8n.pt,0.35,person,124.11,125.22
2026-06-16T10:34:19,station2_1781580542376,0,510,28,person,0.5756,76,315,1,151,151,480,120,2,6,yolo_ultralytics,yolov8n.pt,0.35,person,143.73,144.65
2026-06-16T10:34:19,station2_1781580542376,0,510,31,person,0.7807,346,307,127,136,566,479,97,2,6,yolo_ultralytics,yolov8n.pt,0.35,person,143.73,144.65
2026-06-16T10:34:19,station2_1781580542376,0,510,36,person,0.6339,609,437,578,395,640,480,58,2,6,yolo_ultralytics,yolov8n.pt,0.35,person,143.73,144.65
2026-06-16T10:34:23,station2_1781580542376,0,525,28,person,0.6346,75,315,0,150,150,480,135,2,6,yolo_ultralytics,yolov8n.pt,0.35,person,149.62,150.66
2026-06-16T10:34:23,station2_1781580542376,0,525,31,person,0.8073,319,309,102,139,537,480,112,2,6,yolo_ultralytics,yolov8n.pt,0.35,person,149.62,150.66
2026-06-16T10:34:23,station2_1781580542376,0,525,36,person,0.6859,608,437,577,395,640,480,73,2,6,yolo_ultralytics,yolov8n.pt,0.35,person,149.62,150.66
2026-06-16T10:34:23,station2_1781580542376,0,525,43,person,0.4706,456,425,424,400,489,450,2,2,6,yolo_ultralytics,yolov8n.pt,0.35,person,149.62,150.66
2026-06-16T10:34:26,station2_1781580542376,0,540,28,person,0.7893,79,326,1,172,158,480,150,2,7,yolo_ultralytics,yolov8n.pt,0.35,person,125.53,126.63
2026-06-16T10:34:26,station2_1781580542376,0,540,31,person,0.7481,367,310,156,141,578,480,127,2,7,yolo_ultralytics,yolov8n.pt,0.35,person,125.53,126.63
2026-06-16T10:34:26,station2_1781580542376,0,540,36,person,0.6057,609,438,578,396,640,480,88,2,7,yolo_ultralytics,yolov8n.pt,0.35,person,125.53,126.63
2026-06-16T10:34:29,station2_1781580542376,0,555,28,person,0.4223,82,325,0,172,165,479,165,2,8,yolo_ultralytics,yolov8n.pt,0.35,person,119.06,120.14
2026-06-16T10:34:29,station2_1781580542376,0,555,31,person,0.7054,304,309,57,139,552,480,142,2,8,yolo_ultralytics,yolov8n.pt,0.35,person,119.06,120.14
2026-06-16T10:34:29,station2_1781580542376,0,555,36,person,0.6867,609,437,578,395,640,480,103,2,8,yolo_ultralytics,yolov8n.pt,0.35,person,119.06,120.14
2026-06-16T10:34:31,station2_1781580542376,0,570,28,person,0.4684,73,313,0,148,147,479,179,2,9,yolo_ultralytics,yolov8n.pt,0.35,person,135.16,136.29
2026-06-16T10:34:31,station2_1781580542376,0,570,31,person,0.8182,306,313,79,146,534,480,157,2,9,yolo_ultralytics,yolov8n.pt,0.35,person,135.16,136.29
2026-06-16T10:34:31,station2_1781580542376,0,570,36,person,0.6273,607,438,574,396,640,480,118,2,9,yolo_ultralytics,yolov8n.pt,0.35,person,135.16,136.29
2026-06-16T10:34:34,station2_1781580542376,0,585,31,person,0.7922,305,312,76,144,535,480,172,2,9,yolo_ultralytics,yolov8n.pt,0.35,person,154.68,155.63
2026-06-16T10:34:34,station2_1781580542376,0,585,36,person,0.688,608,437,576,394,640,480,133,2,9,yolo_ultralytics,yolov8n.pt,0.35,person,154.68,155.63
2026-06-16T10:34:34,station2_1781580542376,0,585,48,person,0.7238,61,320,0,161,122,479,11,2,9,yolo_ultralytics,yolov8n.pt,0.35,person,154.68,155.63
2026-06-16T10:34:37,station2_1781580542376,0,600,31,person,0.8237,329,311,87,143,571,479,187,3,9,yolo_ultralytics,yolov8n.pt,0.35,person,142.52,143.42
2026-06-16T10:34:37,station2_1781580542376,0,600,36,person,0.6007,609,438,578,396,640,480,148,3,9,yolo_ultralytics,yolov8n.pt,0.35,person,142.52,143.42
2026-06-16T10:34:40,station2_1781580542376,0,615,31,person,0.7649,285,291,7,104,564,479,202,3,9,yolo_ultralytics,yolov8n.pt,0.35,person,111.89,112.77
2026-06-16T10:34:40,station2_1781580542376,0,615,36,person,0.5608,524,434,453,388,595,480,157,3,9,yolo_ultralytics,yolov8n.pt,0.35,person,111.89,112.77
2026-06-16T10:34:40,station2_1781580542376,0,615,50,person,0.7625,613,437,586,394,640,480,13,3,9,yolo_ultralytics,yolov8n.pt,0.35,person,111.89,112.77
2026-06-16T10:34:43,station2_1781580542376,0,630,31,person,0.8217,332,312,102,145,563,479,217,4,9,yolo_ultralytics,yolov8n.pt,0.35,person,110.59,111.75
2026-06-16T10:34:43,station2_1781580542376,0,630,36,person,0.8293,535,440,499,403,571,478,170,4,9,yolo_ultralytics,yolov8n.pt,0.35,person,110.59,111.75
2026-06-16T10:34:43,station2_1781580542376,0,630,48,person,0.7419,65,322,0,166,130,479,38,4,9,yolo_ultralytics,yolov8n.pt,0.35,person,110.59,111.75
2026-06-16T10:34:43,station2_1781580542376,0,630,50,person,0.6688,599,431,559,383,640,480,28,4,9,yolo_ultralytics,yolov8n.pt,0.35,person,110.59,111.75
2026-06-16T10:34:43,station2_1781580542376,0,630,52,person,0.5656,614,432,588,384,640,480,10,4,9,yolo_ultralytics,yolov8n.pt,0.35,person,110.59,111.75
2026-06-16T10:34:45,station2_1781580542376,0,645,31,person,0.8272,310,315,85,150,536,480,232,4,9,yolo_ultralytics,yolov8n.pt,0.35,person,119.59,120.52
2026-06-16T10:34:45,station2_1781580542376,0,645,36,person,0.7111,540,441,502,403,578,480,185,4,9,yolo_ultralytics,yolov8n.pt,0.35,person,119.59,120.52
2026-06-16T10:34:45,station2_1781580542376,0,645,48,person,0.7525,71,323,0,168,143,478,53,4,9,yolo_ultralytics,yolov8n.pt,0.35,person,119.59,120.52
2026-06-16T10:34:45,station2_1781580542376,0,645,50,person,0.7172,599,431,559,382,640,480,43,4,9,yolo_ultralytics,yolov8n.pt,0.35,person,119.59,120.52
2026-06-16T10:34:45,station2_1781580542376,0,645,52,person,0.5364,613,431,587,383,640,480,25,4,9,yolo_ultralytics,yolov8n.pt,0.35,person,119.59,120.52
2026-06-16T10:34:48,station2_1781580542376,0,660,31,person,0.8386,318,313,98,147,538,479,247,4,10,yolo_ultralytics,yolov8n.pt,0.35,person,223.42,224.49
2026-06-16T10:34:48,station2_1781580542376,0,660,36,person,0.7386,540,444,505,409,576,480,200,4,10,yolo_ultralytics,yolov8n.pt,0.35,person,223.42,224.49
2026-06-16T10:34:48,station2_1781580542376,0,660,48,person,0.4351,55,327,0,176,110,479,68,4,10,yolo_ultralytics,yolov8n.pt,0.35,person,223.42,224.49
2026-06-16T10:34:48,station2_1781580542376,0,660,50,person,0.7382,609,437,578,394,640,480,58,4,10,yolo_ultralytics,yolov8n.pt,0.35,person,223.42,224.49
2026-06-16T10:34:48,station2_1781580542376,0,660,54,person,0.4711,108,410,69,351,147,470,4,4,10,yolo_ultralytics,yolov8n.pt,0.35,person,223.42,224.49
2026-06-16T10:34:51,station2_1781580542376,0,675,31,person,0.788,300,313,61,147,540,479,262,4,10,yolo_ultralytics,yolov8n.pt,0.35,person,133.7,134.85
2026-06-16T10:34:51,station2_1781580542376,0,675,36,person,0.7965,543,444,507,409,580,480,215,4,10,yolo_ultralytics,yolov8n.pt,0.35,person,133.7,134.85
2026-06-16T10:34:51,station2_1781580542376,0,675,48,person,0.6533,65,326,0,172,130,480,83,4,10,yolo_ultralytics,yolov8n.pt,0.35,person,133.7,134.85
2026-06-16T10:34:51,station2_1781580542376,0,675,50,person,0.7613,610,438,581,396,640,480,73,4,10,yolo_ultralytics,yolov8n.pt,0.35,person,133.7,134.85
2026-06-16T10:34:53,station2_1781580542376,0,690,31,person,0.7817,408,314,180,150,637,479,277,5,10,yolo_ultralytics,yolov8n.pt,0.35,person,121.63,123.08
2026-06-16T10:34:53,station2_1781580542376,0,690,36,person,0.5146,614,428,588,394,640,462,227,5,10,yolo_ultralytics,yolov8n.pt,0.35,person,121.63,123.08
2026-06-16T10:34:53,station2_1781580542376,0,690,48,person,0.6297,65,323,0,167,130,479,97,5,10,yolo_ultralytics,yolov8n.pt,0.35,person,121.63,123.08
2026-06-16T10:34:53,station2_1781580542376,0,690,50,person,0.6552,610,437,580,395,640,480,88,5,10,yolo_ultralytics,yolov8n.pt,0.35,person,121.63,123.08
2026-06-16T10:34:53,station2_1781580542376,0,690,56,person,0.4344,544,449,511,418,577,480,2,5,10,yolo_ultralytics,yolov8n.pt,0.35,person,121.63,123.08
2026-06-16T10:34:56,station2_1781580542376,0,705,31,person,0.7481,391,313,172,148,610,479,292,5,10,yolo_ultralytics,yolov8n.pt,0.35,person,114.58,115.86
2026-06-16T10:34:56,station2_1781580542376,0,705,36,person,0.5776,608,418,577,356,640,480,235,5,10,yolo_ultralytics,yolov8n.pt,0.35,person,114.58,115.86
2026-06-16T10:34:56,station2_1781580542376,0,705,48,person,0.7742,57,316,0,153,114,479,112,5,10,yolo_ultralytics,yolov8n.pt,0.35,person,114.58,115.86
2026-06-16T10:34:56,station2_1781580542376,0,705,50,person,0.3837,607,440,574,400,640,480,101,5,10,yolo_ultralytics,yolov8n.pt,0.35,person,114.58,115.86
2026-06-16T10:34:56,station2_1781580542376,0,705,57,person,0.4543,314,408,288,393,341,424,15,5,10,yolo_ultralytics,yolov8n.pt,0.35,person,114.58,115.86
2026-06-16T10:34:56,station2_1781580542376,0,705,58,person,0.7057,110,416,72,352,149,480,15,5,10,yolo_ultralytics,yolov8n.pt,0.35,person,114.58,115.86
2026-06-16T10:34:56,station2_1781580542376,0,705,60,person,0.3632,619,418,599,356,640,480,2,5,10,yolo_ultralytics,yolov8n.pt,0.35,person,114.58,115.86
2026-06-16T10:34:59,station2_1781580542376,0,720,31,person,0.7225,371,311,181,143,561,480,307,5,10,yolo_ultralytics,yolov8n.pt,0.35,person,153.75,154.72
2026-06-16T10:34:59,station2_1781580542376,0,720,36,person,0.6926,609,420,579,361,640,480,249,5,10,yolo_ultralytics,yolov8n.pt,0.35,person,153.75,154.72
2026-06-16T10:34:59,station2_1781580542376,0,720,58,person,0.378,102,408,47,352,157,465,26,5,10,yolo_ultralytics,yolov8n.pt,0.35,person,153.75,154.72
2026-06-16T10:34:59,station2_1781580542376,0,720,62,person,0.3858,108,415,25,351,191,480,5,5,10,yolo_ultralytics,yolov8n.pt,0.35,person,153.75,154.72
2026-06-16T11:02:25,station2_1781580542376,0,735,31,person,0.9031,422,290,205,100,639,480,322,5,10,yolo_ultralytics,yolov8n.pt,0.35,person,113.88,114.84
2026-06-16T11:02:25,station2_1781580542376,0,735,58,person,0.6655,81,437,45,401,118,474,35,5,10,yolo_ultralytics,yolov8n.pt,0.35,person,113.88,114.84
2026-06-16T11:02:25,station2_1781580542376,0,735,62,person,0.6926,210,417,160,356,261,478,14,5,10,yolo_ultralytics,yolov8n.pt,0.35,person,113.88,114.84
2026-06-16T11:02:27,station2_1781580542376,0,750,31,person,0.8248,425,289,211,99,639,480,337,5,10,yolo_ultralytics,yolov8n.pt,0.35,person,89.13,90.01
2026-06-16T11:02:27,station2_1781580542376,0,750,58,person,0.4958,61,439,25,402,97,476,50,5,10,yolo_ultralytics,yolov8n.pt,0.35,person,89.13,90.01
2026-06-16T11:02:27,station2_1781580542376,0,750,62,person,0.5358,217,431,178,383,256,480,23,5,10,yolo_ultralytics,yolov8n.pt,0.35,person,89.13,90.01
2026-06-16T11:02:27,station2_1781580542376,0,750,65,person,0.9151,582,330,524,192,640,468,5,5,10,yolo_ultralytics,yolov8n.pt,0.35,person,89.13,90.01
2026-06-16T11:02:29,station2_1781580542376,0,765,31,person,0.8245,429,283,219,87,640,480,352,5,10,yolo_ultralytics,yolov8n.pt,0.35,person,90.13,90.85
2026-06-16T11:02:29,station2_1781580542376,0,765,66,person,0.9017,181,320,35,163,328,478,15,5,10,yolo_ultralytics,yolov8n.pt,0.35,person,90.13,90.85
2026-06-16T11:02:31,station2_1781580542376,0,780,66,person,0.8631,300,329,1,179,600,479,24,5,10,yolo_ultralytics,yolov8n.pt,0.35,person,84.62,85.24
2026-06-16T11:02:31,station2_1781580542376,0,780,69,person,0.8394,542,346,444,212,640,480,6,5,10,yolo_ultralytics,yolov8n.pt,0.35,person,84.62,85.24
2026-06-16T11:02:33,station2_1781580542376,0,795,66,person,0.8867,267,321,0,164,535,479,39,5,10,yolo_ultralytics,yolov8n.pt,0.35,person,86.45,86.95
2026-06-16T11:02:35,station2_1781580542376,0,810,66,person,0.8998,268,319,0,159,537,479,54,5,10,yolo_ultralytics,yolov8n.pt,0.35,person,88.59,89.08
2026-06-16T11:02:37,station2_1781580542376,0,825,66,person,0.857,429,286,219,92,640,480,69,6,10,yolo_ultralytics,yolov8n.pt,0.35,person,86.26,86.93
2026-06-16T11:02:37,station2_1781580542376,0,825,70,person,0.41,167,421,98,362,236,480,9,6,10,yolo_ultralytics,yolov8n.pt,0.35,person,86.26,86.93
2026-06-16T11:02:37,station2_1781580542376,0,825,71,person,0.7393,230,429,199,380,262,478,8,6,10,yolo_ultralytics,yolov8n.pt,0.35,person,86.26,86.93
2026-06-16T11:02:37,station2_1781580542376,0,825,72,person,0.6358,83,437,55,400,111,474,6,6,10,yolo_ultralytics,yolov8n.pt,0.35,person,86.26,86.93
2026-06-16T11:02:39,station2_1781580542376,0,840,66,person,0.8873,266,325,1,171,532,480,84,6,11,yolo_ultralytics,yolov8n.pt,0.35,person,103.03,103.67
2026-06-16T11:02:41,station2_1781580542376,0,855,66,person,0.9046,271,321,0,163,543,479,99,6,11,yolo_ultralytics,yolov8n.pt,0.35,person,89.44,90.16
2026-06-16T11:02:43,station2_1781580542376,0,870,66,person,0.8973,270,318,0,158,541,479,114,6,11,yolo_ultralytics,yolov8n.pt,0.35,person,89.49,90.1
2026-06-16T11:02:45,station2_1781580542376,0,885,66,person,0.8146,418,291,199,103,637,480,129,7,11,yolo_ultralytics,yolov8n.pt,0.35,person,105.48,106.5
2026-06-16T11:02:45,station2_1781580542376,0,885,74,person,0.716,80,438,45,402,116,474,12,7,11,yolo_ultralytics,yolov8n.pt,0.35,person,105.48,106.5
2026-06-16T11:02:45,station2_1781580542376,0,885,75,person,0.6899,155,422,106,368,204,477,10,7,11,yolo_ultralytics,yolov8n.pt,0.35,person,105.48,106.5
2026-06-16T11:02:45,station2_1781580542376,0,885,76,person,0.676,226,429,195,381,258,478,9,7,11,yolo_ultralytics,yolov8n.pt,0.35,person,105.48,106.5
2026-06-16T11:02:47,station2_1781580542376,0,900,66,person,0.9104,295,323,16,166,574,480,144,7,12,yolo_ultralytics,yolov8n.pt,0.35,person,106.41,107.18
2026-06-16T11:02:50,station2_1781580542376,0,915,66,person,0.8778,423,292,208,105,638,480,159,8,12,yolo_ultralytics,yolov8n.pt,0.35,person,105.0,105.85
2026-06-16T11:02:50,station2_1781580542376,0,915,74,person,0.6972,86,438,51,403,122,474,35,8,12,yolo_ultralytics,yolov8n.pt,0.35,person,105.0,105.85
2026-06-16T11:02:50,station2_1781580542376,0,915,77,person,0.6568,159,426,110,374,208,478,5,8,12,yolo_ultralytics,yolov8n.pt,0.35,person,105.0,105.85
2026-06-16T11:02:50,station2_1781580542376,0,915,78,person,0.7436,228,430,198,381,259,479,3,8,12,yolo_ultralytics,yolov8n.pt,0.35,person,105.0,105.85
2026-06-16T11:02:52,station2_1781580542376,0,930,66,person,0.8726,285,321,5,163,565,480,174,8,13,yolo_ultralytics,yolov8n.pt,0.35,person,93.76,94.34
2026-06-16T11:02:54,station2_1781580542376,0,945,66,person,0.8381,422,285,204,90,640,480,189,8,13,yolo_ultralytics,yolov8n.pt,0.35,person,112.88,113.97
2026-06-16T11:02:54,station2_1781580542376,0,945,74,person,0.656,81,437,47,400,116,474,57,8,13,yolo_ultralytics,yolov8n.pt,0.35,person,112.88,113.97
2026-06-16T11:02:54,station2_1781580542376,0,945,77,person,0.5763,160,423,116,369,204,478,24,8,13,yolo_ultralytics,yolov8n.pt,0.35,person,112.88,113.97
2026-06-16T11:02:54,station2_1781580542376,0,945,79,person,0.5833,229,430,196,382,263,478,5,8,13,yolo_ultralytics,yolov8n.pt,0.35,person,112.88,113.97
2026-06-16T11:02:57,station2_1781580542376,0,960,66,person,0.9044,293,322,11,165,575,480,204,8,14,yolo_ultralytics,yolov8n.pt,0.35,person,103.02,103.98
2026-06-16T11:02:57,station2_1781580542376,0,960,74,person,0.5439,78,437,45,401,112,474,66,8,14,yolo_ultralytics,yolov8n.pt,0.35,person,103.02,103.98
2026-06-16T11:02:59,station2_1781580542376,0,975,66,person,0.8515,438,291,237,102,639,480,219,8,14,yolo_ultralytics,yolov8n.pt,0.35,person,108.51,109.63
2026-06-16T11:02:59,station2_1781580542376,0,975,74,person,0.6347,75,438,38,401,112,475,81,8,14,yolo_ultralytics,yolov8n.pt,0.35,person,108.51,109.63
2026-06-16T11:02:59,station2_1781580542376,0,975,77,person,0.6656,159,424,114,371,205,477,43,8,14,yolo_ultralytics,yolov8n.pt,0.35,person,108.51,109.63
2026-06-16T11:02:59,station2_1781580542376,0,975,80,person,0.6924,229,429,197,381,262,478,10,8,14,yolo_ultralytics,yolov8n.pt,0.35,person,108.51,109.63
2026-06-16T11:03:02,station2_1781580542376,0,990,66,person,0.9039,287,332,0,184,575,480,234,8,15,yolo_ultralytics,yolov8n.pt,0.35,person,116.7,117.43
2026-06-16T11:03:04,station2_1781580542376,0,1005,66,person,0.8828,420,294,202,109,638,479,249,8,15,yolo_ultralytics,yolov8n.pt,0.35,person,120.52,121.68
2026-06-16T11:03:04,station2_1781580542376,0,1005,74,person,0.6073,66,446,32,414,101,478,102,8,15,yolo_ultralytics,yolov8n.pt,0.35,person,120.52,121.68
2026-06-16T11:03:04,station2_1781580542376,0,1005,81,person,0.7053,160,424,115,372,205,477,12,8,15,yolo_ultralytics,yolov8n.pt,0.35,person,120.52,121.68
2026-06-16T11:03:04,station2_1781580542376,0,1005,82,person,0.5326,229,430,194,381,264,480,11,8,15,yolo_ultralytics,yolov8n.pt,0.35,person,120.52,121.68
2026-06-16T11:03:05,station2_1781580542376,0,1005,83,person,0.3894,34,457,1,435,67,480,4,8,15,yolo_ultralytics,yolov8n.pt,0.35,person,120.52,121.68
2026-06-16T11:03:07,station2_1781580542376,0,1020,66,person,0.8872,307,322,37,164,577,480,264,8,16,yolo_ultralytics,yolov8n.pt,0.35,person,140.73,141.59
2026-06-16T11:03:07,station2_1781580542376,0,1020,74,person,0.5886,81,437,47,401,116,473,105,8,16,yolo_ultralytics,yolov8n.pt,0.35,person,140.73,141.59
2026-06-16T11:03:10,station2_1781580542376,0,1035,66,person,0.9005,323,310,70,142,577,479,279,8,16,yolo_ultralytics,yolov8n.pt,0.35,person,153.37,154.31
2026-06-16T11:03:10,station2_1781580542376,0,1035,74,person,0.6715,82,436,47,401,117,472,120,8,16,yolo_ultralytics,yolov8n.pt,0.35,person,153.37,154.31
2026-06-16T11:03:12,station2_1781580542376,0,1050,66,person,0.9229,406,293,172,107,640,480,294,8,17,yolo_ultralytics,yolov8n.pt,0.35,person,102.27,103.26
2026-06-16T11:03:12,station2_1781580542376,0,1050,74,person,0.6896,93,437,56,400,130,474,131,8,17,yolo_ultralytics,yolov8n.pt,0.35,person,102.27,103.26
2026-06-16T11:03:12,station2_1781580542376,0,1050,85,person,0.6911,169,422,120,367,218,477,17,8,17,yolo_ultralytics,yolov8n.pt,0.35,person,102.27,103.26
2026-06-16T11:03:15,station2_1781580542376,0,1065,66,person,0.8845,276,346,1,213,552,480,309,8,18,yolo_ultralytics,yolov8n.pt,0.35,person,111.11,111.87
2026-06-16T11:03:17,station2_1781580542376,0,1080,66,person,0.862,437,297,235,114,639,480,324,8,18,yolo_ultralytics,yolov8n.pt,0.35,person,114.49,115.68
2026-06-16T11:03:17,station2_1781580542376,0,1080,74,person,0.7146,87,437,55,401,120,474,153,8,18,yolo_ultralytics,yolov8n.pt,0.35,person,114.49,115.68
2026-06-16T11:03:17,station2_1781580542376,0,1080,85,person,0.6008,155,428,107,379,204,478,35,8,18,yolo_ultralytics,yolov8n.pt,0.35,person,114.49,115.68
2026-06-16T11:03:17,station2_1781580542376,0,1080,90,person,0.6694,227,430,193,382,261,479,11,8,18,yolo_ultralytics,yolov8n.pt,0.35,person,114.49,115.68
2026-06-16T11:03:20,station2_1781580542376,0,1095,66,person,0.8906,440,295,243,111,638,480,339,8,18,yolo_ultralytics,yolov8n.pt,0.35,person,116.25,117.42
2026-06-16T11:03:20,station2_1781580542376,0,1095,74,person,0.626,48,438,11,403,85,474,167,8,18,yolo_ultralytics,yolov8n.pt,0.35,person,116.25,117.42
2026-06-16T11:03:20,station2_1781580542376,0,1095,85,person,0.6941,157,429,110,380,205,478,50,8,18,yolo_ultralytics,yolov8n.pt,0.35,person,116.25,117.42
2026-06-16T11:03:20,station2_1781580542376,0,1095,90,person,0.7198,233,430,196,382,271,479,26,8,18,yolo_ultralytics,yolov8n.pt,0.35,person,116.25,117.42
2026-06-16T11:03:22,station2_1781580542376,0,1110,66,person,0.8861,444,295,248,112,640,479,354,8,18,yolo_ultralytics,yolov8n.pt,0.35,person,133.14,134.07
2026-06-16T11:03:22,station2_1781580542376,0,1110,85,person,0.6154,156,428,109,379,204,478,65,8,18,yolo_ultralytics,yolov8n.pt,0.35,person,133.14,134.07
2026-06-16T11:03:22,station2_1781580542376,0,1110,90,person,0.7945,234,431,195,382,274,480,41,8,18,yolo_ultralytics,yolov8n.pt,0.35,person,133.14,134.07
2026-06-16T11:04:18,station2_1781580542376,0,0,1,person,0.878,409,289,182,98,637,480,1,0,0,yolo_ultralytics,yolov8n.pt,0.35,person,114.58,115.75
2026-06-16T11:04:18,station2_1781580542376,0,0,2,person,0.5227,158,421,98,363,218,479,1,0,0,yolo_ultralytics,yolov8n.pt,0.35,person,114.58,115.75
2026-06-16T11:04:20,station2_1781580542376,0,15,1,person,0.8841,381,284,133,89,630,479,16,0,0,yolo_ultralytics,yolov8n.pt,0.35,person,87.05,87.72
2026-06-16T11:04:20,station2_1781580542376,0,15,2,person,0.7545,168,426,139,377,198,476,15,0,0,yolo_ultralytics,yolov8n.pt,0.35,person,87.05,87.72
2026-06-16T11:04:20,station2_1781580542376,0,15,3,person,0.6534,76,419,1,359,151,480,12,0,0,yolo_ultralytics,yolov8n.pt,0.35,person,87.05,87.72
2026-06-16T11:04:22,station2_1781580542376,0,30,1,person,0.8748,257,298,1,117,513,479,31,0,1,yolo_ultralytics,yolov8n.pt,0.35,person,84.22,84.72
2026-06-16T11:04:24,station2_1781580542376,0,45,1,person,0.8717,391,284,143,88,639,480,46,1,1,yolo_ultralytics,yolov8n.pt,0.35,person,80.37,81.28
2026-06-16T11:04:24,station2_1781580542376,0,45,3,person,0.7304,81,415,2,352,161,479,32,1,1,yolo_ultralytics,yolov8n.pt,0.35,person,80.37,81.28
2026-06-16T11:04:24,station2_1781580542376,0,45,5,person,0.4953,9,437,0,406,18,468,9,1,1,yolo_ultralytics,yolov8n.pt,0.35,person,80.37,81.28
2026-06-16T11:04:24,station2_1781580542376,0,45,6,person,0.6477,159,421,130,378,189,464,5,1,1,yolo_ultralytics,yolov8n.pt,0.35,person,80.37,81.28
2026-06-16T11:04:26,station2_1781580542376,0,60,1,person,0.8643,248,308,0,136,496,480,61,1,2,yolo_ultralytics,yolov8n.pt,0.35,person,79.62,80.13
2026-06-16T11:04:28,station2_1781580542376,0,75,1,person,0.8915,398,284,156,89,640,480,76,2,2,yolo_ultralytics,yolov8n.pt,0.35,person,85.57,86.39
2026-06-16T11:04:28,station2_1781580542376,0,75,3,person,0.5659,84,417,11,356,157,479,51,2,2,yolo_ultralytics,yolov8n.pt,0.35,person,85.57,86.39
2026-06-16T11:04:28,station2_1781580542376,0,75,5,person,0.4119,10,438,0,407,21,470,28,2,2,yolo_ultralytics,yolov8n.pt,0.35,person,85.57,86.39
2026-06-16T11:04:28,station2_1781580542376,0,75,7,person,0.7006,175,423,146,381,204,465,10,2,2,yolo_ultralytics,yolov8n.pt,0.35,person,85.57,86.39
2026-06-16T11:04:30,station2_1781580542376,0,90,1,person,0.885,400,292,161,105,640,480,91,2,3,yolo_ultralytics,yolov8n.pt,0.35,person,80.78,81.39
2026-06-16T11:04:30,station2_1781580542376,0,90,3,person,0.6982,85,417,2,356,168,479,58,2,3,yolo_ultralytics,yolov8n.pt,0.35,person,80.78,81.39
2026-06-16T11:04:30,station2_1781580542376,0,90,7,person,0.6576,178,423,148,382,209,464,14,2,3,yolo_ultralytics,yolov8n.pt,0.35,person,80.78,81.39
2026-06-16T11:04:32,station2_1781580542376,0,105,1,person,0.8619,396,283,153,87,639,480,106,2,3,yolo_ultralytics,yolov8n.pt,0.35,person,86.51,87.21
2026-06-16T11:04:32,station2_1781580542376,0,105,3,person,0.6185,84,417,7,356,162,479,73,2,3,yolo_ultralytics,yolov8n.pt,0.35,person,86.51,87.21
2026-06-16T11:04:32,station2_1781580542376,0,105,7,person,0.7082,177,421,148,382,207,460,29,2,3,yolo_ultralytics,yolov8n.pt,0.35,person,86.51,87.21
2026-06-16T11:04:32,station2_1781580542376,0,105,8,person,0.3666,7,444,0,417,14,471,8,2,3,yolo_ultralytics,yolov8n.pt,0.35,person,86.51,87.21
2026-06-16T11:04:33,station2_1781580542376,0,120,1,person,0.8705,397,284,155,88,640,480,121,2,3,yolo_ultralytics,yolov8n.pt,0.35,person,81.76,82.37
2026-06-16T11:04:33,station2_1781580542376,0,120,3,person,0.6051,87,418,16,357,159,479,88,2,3,yolo_ultralytics,yolov8n.pt,0.35,person,81.76,82.37
2026-06-16T11:04:33,station2_1781580542376,0,120,7,person,0.6296,177,421,148,380,206,462,44,2,3,yolo_ultralytics,yolov8n.pt,0.35,person,81.76,82.37
2026-06-16T11:04:35,station2_1781580542376,0,135,1,person,0.8424,420,289,201,98,640,480,136,2,3,yolo_ultralytics,yolov8n.pt,0.35,person,89.79,90.54
2026-06-16T11:04:35,station2_1781580542376,0,135,3,person,0.6625,97,419,8,358,186,480,103,2,3,yolo_ultralytics,yolov8n.pt,0.35,person,89.79,90.54
2026-06-16T11:04:35,station2_1781580542376,0,135,7,person,0.7714,180,430,144,381,217,480,59,2,3,yolo_ultralytics,yolov8n.pt,0.35,person,89.79,90.54
2026-06-16T11:04:37,station2_1781580542376,0,150,1,person,0.8856,256,302,1,126,512,479,151,2,4,yolo_ultralytics,yolov8n.pt,0.35,person,91.58,92.04
2026-06-16T11:04:39,station2_1781580542376,0,165,1,person,0.8027,412,289,185,98,640,480,166,2,4,yolo_ultralytics,yolov8n.pt,0.35,person,99.93,100.87
2026-06-16T11:04:39,station2_1781580542376,0,165,3,person,0.5581,126,418,48,356,204,480,119,2,4,yolo_ultralytics,yolov8n.pt,0.35,person,99.93,100.87
2026-06-16T11:04:39,station2_1781580542376,0,165,9,person,0.4559,184,427,162,381,207,474,1,2,4,yolo_ultralytics,yolov8n.pt,0.35,person,99.93,100.87
